,Close_COMP1,Close_COMP2,Close_COMP3,Close_COMP4,Close_COMP5,Volume_COMP1,Volume_COMP2,Volume_COMP3,Volume_COMP4,Volume_COMP5,MA5_COMP1,MA5_COMP2,MA5_COMP3,MA5_COMP4,MA5_COMP5,VOL20_COMP1,VOL20_COMP2,VOL20_COMP3,VOL20_COMP4,VOL20_COMP5,Returns_COMP1,Returns_COMP2,Returns_COMP3,Returns_COMP4,Returns_COMP5
2020-01-01,99.26156396431549,99.20943880111864,100.9496166421467,100.4137982923699,99.31150040736367,2813.0,9668.0,3193.0,6891.0,5084.0,99.26156396431549,99.20943880111864,100.9496166421467,100.4137982923699,99.31150040736367,0.0,0.0,0.0,0.0,0.0,0.0,0.0,0.0,0.0,0.0
2020-01-02,97.96900022018113,98.36079366663576,98.81286209027202,101.0345470696561,99.31150040736367,1847.0,3146.0,2909.0,3889.0,9645.0,98.61528209224831,98.7851162338772,99.88123936620936,100.724172681013,99.31150040736367,0.009207799596245023,0.006048645538825954,0.01496700714295724,0.004371268464064003,0.0,-0.013021795068623221,-0.008554076554995182,-0.02116654448970512,0.006181907146653121,0.0
2020-01-03,97.95254029414876,98.08057943791208,98.84341233757654,100.0228968057232,99.02444067293331,2642.0,8378.0,6874.0,4957.0,1639.0,98.39436815954845,98.55027063522216,99.53529702333175,100.4904140559164,99.21581382922022,0.007470108486476922,0.004355797581202819,0.01231073126520868,0.008172582944239446,0.0016688300374785557,-0.00016801157504287012,-0.0028488406638256247,0.0003091727803270494,-0.010012914327565903,-0.002890498414109932
2020-01-06,98.01721903978392,98.01276855092128,99.23476688966434,100.09089899854,98.33502058295876,9340.0,8541.0,7580.0,4883.0,9879.0,98.30008087960732,98.41589511414693,99.4601644899149,100.3905352915723,98.99561551765485,0.006602633048455479,0.003881499790944964,0.011436909215529551,0.006744237667770884,0.0032943172390234214,0.000660306975612146,-0.0006913793472613783,0.003959338744308205,0.0006798662605109751,-0.00696212051579892
2020-01-07,97.1749644642473,99.20943880111864,98.85786678305787,99.91917853790201,98.61228194319568,8724.0,5039.0,5525.0,9723.0,6490.0,98.07505759653532,98.57460385154128,99.3397049485435,100.29626394083824,98.91894880276303,0.006217683894382764,0.007596565349153955,0.009906489794609,0.005855402725515275,0.003704160733603059,-0.008592924628832543,0.012209330150445119,-0.00379806511789893,-0.0017156451021634878,0.00281955867394168
2020-01-08,97.12644897798796,97.86869864511294,100.2690482831505,99.1229116237185,98.74553026252322,8448.0,2396.0,1898.0,6111.0,9819.0,97.64803459926982,98.30645582034013,99.20359127674426,100.03808660710796,98.80575477379493,0.005765462591083346,0.00875837228393512,0.011619976022377963,0.005965345936493995,0.003499180619724364,-0.0004992591098624821,-0.013514239897006397,0.014274852836845486,-0.007969109892966841,0.0013512345186807995
2020-01-09,98.31385996753001,98.65515684608586,102.1792340290138,98.49993926009644,97.15073969660567,7839.0,5583.0,9381.0,5789.0,9413.0,97.71700654873959,98.36532845623016,99.87686566449261,99.53116504519603,98.37360263164332,0.007968342407542413,0.00888757621115914,0.01305201716767046,0.005666526407848876,0.0065745444753421214,0.012225413386740325,0.008035850193786054,0.019050602140643802,-0.006284847301367913,-0.016150508905847794
2020-01-10,98.83719367480924,97.62860659085756,102.3131479118029,98.0249405614816,96.87813428691051,2751.0,1490.0,8988.0,1851.0,8466.0,97.89393722487168,98.27493388681926,100.57081277933788,99.13157379634771,97.94434135443876,0.007744502060636133,0.008906135447321861,0.012085080011382369,0.005298006455383095,0.006087850649583568,0.00532309185553359,-0.010405439391575344,0.001310578260462103,-0.004822324787029264,-0.0028060044683806407
2020-01-13,99.26300506394391,95.84111874509178,102.9283200310244,98.80500148253473,96.3571126885764,4697.0,7932.0,6182.0,5791.0,5072.0,98.14309442970368,97.84060392565337,101.30952340760989,98.87439429314665,97.54875977556229,0.007420154720449578,0.009953045213321864,0.011393815527627459,0.006155028688399565,0.005745964219671675,0.004308210030078863,-0.018309058258475397,0.006012639937066577,0.007957780097442413,-0.005378113463571421
2020-01-14,98.45522979949422,94.81585606630914,102.6787805403255,97.97893523781651,95.8384067383642,3932.0,2651.0,9418.0,3316.0,4134.0,98.39914749675307,96.96188737869144,102.07370615906343,98.48634563312956,96.993984734596,0.007456936012252164,0.009634958307215015,0.010841997582273178,0.006165263341986816,0.00545592149704756,-0.008137727282478857,-0.010697524112896928,-0.002424400695782092,-0.008360571148457896,-0.005383162028615773
2020-01-15,98.34304256820943,94.63642242439325,102.9283200310244,98.56049380793905,96.6751302738172,6080.0,3234.0,3770.0,8624.0,5849.0,98.64246621479735,96.31543213454752,102.6055605086382,98.37386206997367,96.57990473685479,0.007075054137894521,0.009173696026272507,0.010287650130617608,0.006370120575108869,0.006362246101808271,-0.0011394745765488379,-0.0018924434093640086,0.002430292699092673,0.005935546949055626,0.008730566000927364
2020-01-16,99.07398133418602,94.3120218746489,100.9704243979629,98.92817601514976,95.33912924742866,7028.0,9514.0,7161.0,4532.0,3318.0,98.79449048812856,95.44680514026012,102.36379858242802,98.45950942098435,96.21758264701938,0.007154296113740952,0.00874993695733265,0.01150624759053458,0.006270825941769521,0.006900645111079152,0.007432541712034446,-0.0034278615086438258,-0.01902193324899648,0.0037305231843418607,-0.013819490313636273
2020-01-17,99.61210589258255,93.99938867726867,99.51412883970039,98.33485482447556,94.14828634760602,8575.0,5154.0,4094.0,1749.0,8191.0,98.94947293168322,94.72096155754235,101.80399476800751,98.52149227358312,95.67161305915849,0.007021499297178906,0.008380819812068405,0.01172758756999775,0.006148138808132727,0.007074168419976245,0.005431542683052015,-0.0033148817209724957,-0.014422991355594328,-0.005997494491188693,-0.012490599706780459
2020-01-20,99.82994620913126,94.32723588552587,100.3411229532391,99.5085979142685,92.51225783467217,4487.0,5575.0,3503.0,1254.15,3211.0,99.0628611607207,94.41818498562915,101.28655535245045,98.66221155992987,94.90264208837765,0.0067649807503812175,0.008304027081491753,0.011541145429355136,0.006925419713531828,0.007670254487436942,0.0021868859672902197,0.0034877589404629372,0.008310318576680187,0.011936185718563808,-0.017377145951371298
2020-01-21,100.5077052539524,94.39268119252262,99.75425367838423,100.3005258017375,92.05580111449761,8023.0,6532.0,1197.69,9426.0,9352.0,99.47335625161233,94.33355001087186,100.7016499800622,99.12652967271408,94.14612096360433,0.006722545939322707,0.00807719380423921,0.011210941122438015,0.007031822556652246,0.00739127987086774,0.00678913563071859,0.0006938113513277333,-0.005848741349330444,0.00795838655219816,-0.00493401340382682
2020-01-22,99.04315137744109,94.70707524749491,100.4767564578025,100.2772222675913,93.80753782336166,6983.0,4851.0,5333.0,3976.0,5784.0,99.61337801345867,94.3476805754922,100.21133726541782,99.46987536464452,93.57260247351323,0.007553143182061184,0.007976502429314893,0.011012903205079258,0.006793535291494674,0.009334579813599824,-0.014571558198556267,0.0033307037261824934,0.007242826774562117,-0.00023233710850401046,0.019029074622741726
2020-01-23,98.4103866230885,93.91781602535525,98.50882730623142,100.4473992770668,94.7689916283001,4956.0,6414.0,3814.0,2347.0,1523.0,99.48065907123916,94.26883940563346,99.71901784707151,99.77372001702793,93.45857494968752,0.0074701220409910596,0.007836129127440306,0.011650218088053105,0.00659165614179763,0.009635090191048686,-0.006388778482433466,-0.008333688059494193,-0.01958591440397006,0.0016970654514278927,0.010249216931254024
2020-01-24,99.36327309542965,93.48703821509216,98.48126211645203,100.7061923793686,95.3764520695017,7015.0,3853.0,7883.0,5469.0,4146.0,99.4308925118086,94.16636931319815,99.51244450242186,100.24798752800655,93.70420809406666,0.00763271039239763,0.007609285899636519,0.011305316874679266,0.006422727388283456,0.00959121121551112,0.009682783545914786,-0.004586752849393361,-0.00027982456530217803,0.002576404209211791,0.006409907193949627
2020-01-27,99.52498986798112,94.52099865947376,97.38703198659066,100.0401046113724,95.49719552020127,8154.0,6307.0,4691.0,9659.0,8451.0,99.36990124357855,94.20512186798774,98.92162630909218,100.35428886742731,94.30119563117248,0.007426103681122599,0.008092513550562055,0.011214346067853688,0.00643350023741538,0.009354838582709496,0.0016275306510500354,0.011059933699072877,-0.0111110490091757,-0.006614168923068764,0.0012659671027770436
2020-01-28,99.17792127515875,94.25221511993186,98.59944928844929,97.95486651500028,94.21907785205136,3735.0,7318.0,2240.0,8903.0,2522.0,99.10394444781983,94.17702865346959,98.69066543110517,99.88515701007988,94.73385097868321,0.0072740453931173545,0.00787701996191865,0.011372636385378034,0.00778258222305006,0.00945338596440845,-0.0034872507224843474,-0.0028436383804009147,0.012449473786464438,-0.020844021549884295,-0.013383824113238463
2020-01-29,98.98818962243169,93.93245648388887,96.91932171000099,97.70889931007301,93.59468669618647,8395.0,5766.0,5688.0,9190.0,1270.0,99.09295209681794,94.02210490074837,97.97917848154488,99.37149241857621,94.69128075324818,0.007286378142644317,0.007856168446960595,0.011910248825455624,0.007782289268433362,0.009474092595596863,-0.0019130432488161375,-0.003392584838840307,-0.017039928626103706,-0.002511025880369111,-0.006627014083552596
2020-01-30,99.48032004248392,96.37251522671691,96.9567142727022,94.99455167547634,92.71440038770514,1524.0,6634.0,2487.0,4824.0,2192.0,99.30693878069704,94.5130447410207,97.66875587483904,98.28092289825813,94.28036250512919,0.0066954392496506344,0.010002939752887617,0.011023741271002816,0.00955824411777441,0.009554744796260126,0.004971607440537706,0.025976737265958283,0.00038581122980918536,-0.027779942807285685,-0.009405302155012119
2020-01-31,99.05528774251836,96.4607155243624,96.3012701051987,95.75884962638088,92.7491898275749,4682.0,7600.0,8631.0,7354.0,4959.0,99.24534171011476,95.10778020287475,97.23275747258836,97.29145434766058,93.75491005674382,0.00678851218671534,0.010001202508931165,0.011096369385413538,0.009715901751620308,0.009591521613934286,-0.004272526463365289,0.0009152017817319891,-0.006760173056813645,0.008045703015848282,0.0003752323233960908
2020-02-03,99.50774776841742,95.70882122709462,96.67654816691646,97.5171983670487,91.41176623278287,4657.0,5682.0,4341.0,3734.0,5699.0,99.24189329020203,95.34534471639894,97.09066070865353,96.78687309879584,92.93782419926015,0.006846866762556759,0.010123091853597456,0.011094837685423893,0.010736080217761373,0.009884956251351197,0.004567752375574052,-0.007794823967254172,0.003896917053199944,0.018362258397300213,-0.01441978735640026
2020-02-04,99.1278889877211,96.34584501103178,98.21203868266825,96.06901386960728,90.16094768342245,7453.0,1698.0,3096.0,6639.0,8032.0,99.2318868327145,95.76407069461892,97.01317858749732,96.40970256971724,92.12619816553436,0.006581004385499002,0.009808936374733816,0.011712217763566886,0.011159670621687788,0.010009134505960908,-0.0038173789399832403,0.0066558523631343736,0.015882761071492668,-0.014850554791274395,-0.013683342975511104
2020-02-05,99.14027414386346,96.78322198447597,96.95785479775006,96.04764063248791,89.81055232436037,2451.0,3525.0,9065.0,7014.0,3346.0,99.26230373700085,96.33422379473635,97.02088520504714,96.07745083420022,91.36937129116913,0.0065749175755223785,0.009461728032121518,0.011504886780131007,0.011072150315014628,0.009918229023070298,0.0001249411872767947,0.004539655793087016,-0.012770164449702248,-0.00022247794849206137,-0.00388633181066822
2020-02-06,99.79993876501153,95.01072816855284,96.22896845439345,96.97686916154746,88.6324146557674,7153.0,7355.0,2667.0,5026.0,8933.0,99.32622748150638,96.06186638310353,96.8753360413854,96.47391433141445,90.55297414478159,0.006182705420513981,0.010026089329722985,0.010481524017613921,0.011283456288540189,0.0097555591651967,0.006653851089727825,-0.01831406084215126,-0.007517558478134956,0.009674662729250105,-0.013118031657772256
2020-02-07,98.11598003316047,96.3065436043149,97.17913823993722,97.69646555993074,88.91056003093742,6672.0,8708.0,3207.0,2256.0,1699.0,99.13836593963478,96.03103199909403,97.05090966833309,96.86143751812442,89.7852481854541,0.007226239094207255,0.010379354070267823,0.010833434365101976,0.011380740912778041,0.009900401624040414,-0.01687334433958021,0.013638622298139058,0.00987405145046405,0.007420289029794969,0.0031381902010712004
2020-02-10,97.13752153490967,94.85953445826654,96.24338247207464,98.55281768021001,88.2219387977499,5116.0,1689.0,3997.0,4734.0,9863.0,98.66432069293325,95.8611746453284,96.96427652936472,97.06856138075668,89.1472826984475,0.007444882012719316,0.01010737217893534,0.010749697942677402,0.011412248832227037,0.009928887057652613,-0.009972468276014834,-0.015025034560408934,-0.00962918363766696,0.008765436040815144,-0.007745100615134004
2020-02-11,98.39955970245924,95.27206365360918,95.93741845657438,99.01458964574678,89.19166689915532,3392.0,9853.97,3203.0,9769.0,6119.0,98.51865483588088,95.64641837384389,96.50935248414596,97.65767653598458,88.95342654159408,0.00787383034303187,0.00986276087820864,0.010747798205070111,0.011285303073020819,0.010498360163566875,0.012992282977860592,0.004348842714636536,-0.00317906548628466,0.004685527785061927,0.010991915555478071
2020-02-12,97.4808840160252,93.78490641793798,95.38918482788678,98.80289193990959,91.21421656395513,5023.0,4002.0,5064.0,4279.0,3946.0,98.18677681031322,95.04675526053629,96.1956184901733,98.20872679746893,89.23415938951302,0.008144981980229607,0.010479867429917316,0.010671899874720258,0.01122815952590275,0.011745025482781269,-0.009336176800098905,-0.01560958352994457,-0.005714492191967291,-0.0021380455809048016,0.02267644203899244
2020-02-13,98.30002381687726,94.52656319911235,95.78389794613494,98.28248190037411,90.50492940900467,9123.0,1106.07,5767.0,1323.0,7241.0,97.88679382068636,94.94992226664819,96.10660438852159,98.46984934523424,89.60866234016049,0.008196883212656323,0.010613176547733928,0.010171411776453011,0.011258758562397421,0.011523267976322308,0.008403081374573906,0.007908061216900908,0.0041379231719020915,-0.005267153919461975,-0.007776059277482705
2020-02-14,98.53371797059107,93.87586853870431,95.78966095718357,98.60371177500078,89.55291957520566,1241.31,9622.0,8508.0,5698.0,9958.49,97.97034140817249,94.46378725352608,95.82870893197085,98.65129858824825,89.73713424901413,0.008111309183990263,0.01070440937219687,0.009792680128816508,0.01120102615361563,0.011441761818084213,0.0023773560233226743,-0.006883722822307647,6.016680436071731e-05,0.003268434703880274,-0.010518872728984108
2020-02-17,98.0119891179673,93.04253653192193,96.0862449838997,98.35436128254109,88.73104448794355,7826.0,6003.0,9578.0,9126.0,3001.0,98.14523492478402,94.10038766825714,95.79728143433587,98.61160730871447,89.83895538705288,0.008152673008856299,0.010847779336580193,0.009574655304227103,0.010865064637265883,0.011017279761951946,-0.005294927090637946,-0.008876956557145599,0.0030962008190915657,-0.0025288144631783194,-0.009177535374175205
2020-02-18,99.58192447062265,94.34868756347839,96.00180752189837,98.70118551666232,88.45510078879917,7817.0,8519.0,2413.0,7499.0,9648.0,98.3817078784167,93.91571245023098,95.81015924740066,98.54892648289758,89.69164216498163,0.008842014673160557,0.01133300630966551,0.009537222164120673,0.010727216988960698,0.01099948331474178,0.016017788913209152,0.014038213920665621,-0.0008787674241560461,0.003526272039171774,-0.0031098889992428047
2020-02-19,99.8010014022933,94.59232306919397,96.85276174484854,98.20066659306205,89.96422597300037,4742.0,7797.0,9251.0,5814.0,5253.0,98.84573135567031,94.07719578048219,96.10287463079302,98.42848141352806,89.44164404679069,0.00820192083651104,0.011322791248740789,0.009625247653204794,0.01076944894492523,0.010809206182658822,0.002199966839717682,0.002582288233226926,0.008863939595679549,-0.005071052804282439,0.01706091758127637
2020-02-20,100.1571622930395,93.70209381574105,97.13301407972311,97.8296580594613,88.75258548460619,8141.0,6688.0,8557.0,3599.0,9958.49,99.21715905090277,93.91230190380793,96.37269785751066,98.33791664534552,89.09117526191099,0.008068432010463637,0.011367009922904292,0.008706561166265307,0.01076713045312218,0.010691034455905163,0.0035687105914954387,-0.009411220959249733,0.002893591569571141,-0.003778065327582736,-0.013468025487795687
2020-02-21,99.22913012363767,94.29941739899125,97.50492253595526,97.45821203021647,89.4707667307311,2535.0,3095.0,9879.9,3795.0,7637.0,99.35624148151209,93.99701167586531,96.715750173265,98.10881669638864,89.07474469301607,0.008096663401165324,0.011401150986676508,0.008764457067467007,0.01074176900367146,0.010777046283272359,-0.009265759414055608,0.0063747090265111606,0.003828857363850524,-0.0037968652514256407,0.00809194731853169
2020-02-24,99.85938488313366,92.0416438804548,97.94541916034453,98.75307211244592,88.59089691447234,4763.0,8565.0,6032.0,5867.0,9713.0,99.72572063454535,93.7968331455719,97.08758500855396,98.1885588623696,89.04671517832183,0.008215787538015868,0.012341651963213792,0.008456284033086552,0.011164549121195081,0.010824141766289465,0.006351509468144112,-0.02394260304900464,0.004517686009409827,0.013286310668494394,-0.009834159786590302
2020-02-25,100.1724578827209,92.26959964716681,99.28780127640697,99.57185464165526,87.18051831679162,5340.0,8592.0,1450.0,8470.0,9659.0,99.843827316965,93.38101556230959,97.74478375945569,98.3626926873682,88.79179868392033,0.008192786356596619,0.012362945177244764,0.008555184618769515,0.010245324588563429,0.01095771379610037,0.003135138474502419,0.0024766590110893993,0.013705409886141329,0.008291210710660524,-0.015920130022414547
2020-02-26,103.02356858468016,92.12272040364557,99.28589509640044,99.54766128600527,85.73477277528532,5880.0,7693.0,2895.0,4492.0,4298.0,100.48834075344239,92.8870950291999,98.23141042976606,98.63209162595685,87.94590804437732,0.010268384299738373,0.012351076589192095,0.007514059784279276,0.010218458717607582,0.011312477251423909,0.028462022019039024,-0.001591848713800581,-1.9198531763464644e-05,-0.00024297383770810477,-0.016583355655822474
2020-02-27,103.02356858468016,92.73318632275391,98.29070890322669,99.83757535040692,84.14682601712659,5261.0,5855.0,9314.0,5891.0,7923.0,101.06162201177051,92.69331353060247,98.46294939446678,99.03367508414597,87.0247561508814,0.010254093418158689,0.01079476662556244,0.007925137197018418,0.007654602747243701,0.01170519875728522,0.0,0.006626659703854898,-0.010023439806908008,0.0029123141684737064,-0.01852161855401213
2020-02-28,102.7346247470723,93.00806417973799,96.94929465858016,96.9751772005865,84.02222778849242,1241.31,4877.0,4577.0,3519.0,4615.0,101.76272093645744,92.43504288675182,98.35182381899176,98.93706811821997,85.93504836243366,0.010213505976895932,0.01083222172902098,0.008402234962351327,0.01022887378303232,0.01166955203979554,-0.002804638216063804,0.0029641800080866254,-0.01364741652201562,-0.02867054953782744,-0.0014807240454774995
2020-03-02,102.5716518425225,92.30722276418716,96.98285062647088,97.06651138820023,84.39398800454074,9065.0,9185.0,5124.0,4254.0,6639.0,102.30517432833521,92.4881586634983,98.15931011221701,98.59975597337083,85.09566658044733,0.01022079515447597,0.010824770231454355,0.008361178394084285,0.009347799130818962,0.011618056986914631,-0.0015863483703866255,-0.0075352758035738265,0.0003461187418525302,0.000941830582323222,0.00442454604969722
2020-03-03,102.0728377871451,91.486798648341,97.1992407202965,97.39304404366365,84.47192926050691,7572.0,6660.0,4725.0,8516.0,9500.0,102.68525030922005,92.33159846373312,97.74159800099494,98.16399385377251,84.55394876919038,0.010252413489891286,0.010747073798701446,0.007528541525222944,0.008709782085895498,0.011429721104060106,-0.004863079090733802,-0.008887973132309046,0.002231220184061744,0.0033640093868987364,0.0009235403825444966
2020-03-04,102.2058126881261,90.78643493049685,98.2729805300627,96.8646304669598,84.50545914821541,7542.0,6677.0,7535.0,6509.0,5501.0,102.52169912990924,92.06434136910339,97.53901508772739,97.62738768996341,84.30808604377641,0.01024739320170367,0.0106705929460556,0.007365960202398152,0.008816499459555113,0.011456117013425651,0.0013027452147289509,-0.007655352774297186,0.011046792154025376,-0.005425578201118331,0.00039693526597561757
2020-03-05,100.9947312817623,90.64149592376152,98.70912850754469,98.66855749092625,82.8374617736681,5921.0,4782.0,6002.0,6978.0,7139.0,102.11593166932566,91.6460032893049,97.62269900859098,97.39358411806728,84.04621319508472,0.010593977311111205,0.010056380125699147,0.0071458379338572315,0.009508595408577472,0.011853301225553286,-0.011849437664170126,-0.001596483074220112,0.004438127093830957,0.018623175613948773,-0.019738338698589764
2020-03-06,100.1651740122955,89.32889171294796,99.43521616752959,97.27750899715663,82.45464743442635,4338.0,3767.0,2595.0,9425.0,3365.0,101.6020415223703,90.9101687959469,98.11988331038087,97.45405047738132,83.7326971242715,0.010000517798003221,0.009668531576995851,0.007007611239717769,0.009940587559687762,0.011757792096700642,-0.00821386679224334,-0.01448127259415033,0.007355830924283824,-0.014098194289478116,-0.004621270751724471
2020-03-09,101.0982857416925,88.52520433137927,98.03887815426924,97.07899525629493,82.85371332854913,9149.0,8224.0,3499.0,2337.0,4617.0,101.30736830220431,90.15376510938532,98.33108881594055,97.45654725100026,83.42464218907318,0.009806601254326744,0.009387060071857896,0.007422826497345777,0.009720732685368183,0.011865972994477966,0.00931573012874165,-0.008996947864877591,-0.01404269098090738,-0.0020406951504844395,0.004839822939515237
2020-03-10,100.4363066063659,89.62995460560656,97.74219313701127,97.32742705516813,83.86596089530977,3303.0,6583.0,9879.9,6117.0,9396.0,100.98006206604846,89.78239630083843,98.43967929928348,97.44342385330114,83.30344851603375,0.009630397087358458,0.00990255487632095,0.007418427452031358,0.009670132996882914,0.01194528469370991,-0.006547876954293375,0.012479499850594378,-0.0030261975947044606,0.00255906850104215,0.012217286662175919
2020-03-11,99.20535344368332,87.46994264162959,99.18806848626105,97.82691122694153,84.43104503801796,1818.0,5146.0,4547.0,6867.0,5040.0,100.3799702171599,89.11909784306498,98.62269689052316,97.63588000529748,83.28856569399426,0.009816761259589598,0.010626944258105408,0.007852117112462408,0.0097540301782036,0.010597328003165528,-0.01225605763767268,-0.02409921965799877,0.014792745106742222,0.005131998110771807,0.006737943936677482
2020-03-12,99.3640736894091,88.09482483522044,99.53792480312846,99.06044726309086,84.23984706575084,7737.0,8801.0,4628.0,8777.0,9865.0,100.05383869868926,88.60976362535676,98.78845614963993,97.71425795973042,83.56904275241081,0.009660539030811576,0.01058534695311323,0.007844483034855028,0.010102298122316949,0.010560166031517158,0.0015999161357342917,0.007143964826306526,0.0035272016302634324,0.012609373235629828,-0.0022645458454414458
2020-03-13,100.6617702224236,87.35706291633251,99.66808476216127,101.2687756724257,83.29861200255942,4691.0,1965.0,4624.0,8644.0,2569.0,100.15315794071489,88.21539786603367,98.83502986856625,98.51251129478423,83.73783566603743,0.01005237972872192,0.010615905648280223,0.007833589810031719,0.011216532685818204,0.010583956340613017,0.01306001741706786,-0.008374634040851925,0.0013076418791153621,0.02229273610556004,-0.011173276020512768
2020-03-16,101.0933640433217,87.57461355838058,99.25498739558765,101.0487934015574,83.48152319906715,4362.0,9853.97,4081.0,4404.0,5549.0,100.15217360104073,88.02527971143392,99.07825171682995,99.30647092383673,83.86339764014103,0.00995863281082154,0.010619325967093135,0.007947522203920284,0.011210250712584075,0.010571779283578268,0.004287564384616305,0.0024903612230693373,-0.004144730658358742,-0.002172261582186752,0.0021958492717994993
2020-03-17,99.85550710748677,87.20337272787808,99.59266276524686,102.4646752257874,82.72961164476887,1608.0,5573.0,7597.0,2458.0,4870.0,100.03601370126489,87.53996333588825,99.44834564247705,100.33392055796058,83.63612779003284,0.009808520675787859,0.009836202349616987,0.007933363398499827,0.011554246316396804,0.010657150796890731,-0.012244690317204876,-0.004239137524198355,0.003402099768683442,0.014011862750339166,-0.009006921837126813
2020-03-18,99.67624728670806,86.74940207383763,99.96996220172026,103.4085293464207,81.49084063627669,8480.0,7996.0,6966.0,4912.0,2698.0,100.13019246986985,87.39585522232986,99.60472438556891,101.45024418185642,83.0480869096846,0.009805954511607146,0.009720226651230823,0.007777431623001001,0.011539714633578911,0.009811931562674368,-0.0017951921328259735,-0.00520588412855405,0.003788426034583958,0.00921150746394761,-0.014973731700945403
2020-03-19,98.57278569509758,85.20963310006061,99.46936787065937,103.1283665514387,81.5174842501835,3883.0,6848.0,9218.0,6299.0,9784.0,99.97193487100755,86.81881687529787,99.59101299907509,102.26382803952599,82.50361434657113,0.0100670886409887,0.01012270335801104,0.00790856890218459,0.011510816259511558,0.009660738207257375,-0.011070456820434837,-0.017749620596421267,-0.005007447437569201,-0.0027092813015786588,0.0003269522525326529
2020-03-20,98.56773692839201,84.674868062881,99.52126434092516,103.3727277840924,80.99451476381114,9741.63,1763.0,7010.0,5478.0,3847.0,99.55312821220122,86.28237790460759,99.56164891482786,102.68461846185933,82.04279489882147,0.009865644972074279,0.009784516273272006,0.007885665779999558,0.011409665805533951,0.00922414925704519,-5.121866720081414e-05,-0.006275875364369243,0.0005217331865752239,0.002369486115459951,-0.006415427207828506
2020-03-23,99.95505994676655,85.32087505521658,100.1379995721189,100.3174239824668,81.53889049198162,9723.0,9578.0,7673.0,9295.0,8246.0,99.32546739289019,85.83163020397478,99.7382513501341,102.5383445780412,81.65426835740436,0.010281612122790645,0.009148487896887842,0.007933290906961802,0.013252216022898413,0.009499013590382722,0.014074818613137197,0.007629264823369342,0.006197019654824887,-0.02955618824345052,0.006721143150964393
2020-03-24,99.9063634389122,84.43839437476142,100.7549845033266,100.6791602645873,82.38994727806622,2096.0,1438.0,2822.0,4795.0,1195.0,99.33563865917529,85.27863453335144,99.97071569775007,102.18124158580119,81.58633548406382,0.010257166428192853,0.009138804276541077,0.007470099872357808,0.013155183028309349,0.009600044363347415,-0.00048718401930125665,-0.010343080516744041,0.006161346680021662,0.0036059167765682965,0.010437433977204869
2020-03-25,99.02903334366094,84.81526162988573,98.5583141907103,100.5341544258955,82.9301106530108,1759.0,4540.0,1577.0,1254.15,5066.0,99.20619587056585,84.89180644456107,99.68838609554805,101.60636660169614,81.87418948741065,0.007915490507011142,0.009334408508394641,0.009017448672660066,0.01316211535137762,0.009236136604721324,-0.008781523669287528,0.0044632214754305455,-0.021802100644894296,-0.001440276600546908,0.006556180611713813
2020-03-26,99.05936741467592,85.02021306316014,99.72882662692531,100.2259512707741,83.17051299895694,7650.0,8207.0,3884.0,5221.0,8224.0,99.30351221448151,84.85392243718097,99.74027784680125,101.02588354556322,82.20479523716534,0.007919748274772317,0.009125323487447752,0.00910747659813605,0.013174139283389107,0.008374996312421924,0.0003063149259441289,0.0024164452167674266,0.011876343927211153,-0.003065656212870138,0.002898854759183944
2020-03-27,98.57975223680045,84.64556943547358,100.2126721117173,100.7370016408227,83.73484485015713,5575.0,3366.0,9662.0,9130.0,9076.0,99.30591527616322,84.84806271169948,99.87855940095969,100.49873831690928,82.75286125443453,0.007944645415337674,0.008964237319408258,0.008484684636936534,0.011299429622637025,0.00852918217459642,-0.004841694333335922,-0.004406524215697427,0.004851611125457289,0.005098982484765147,0.00678523951400023
2020-03-30,99.89815597753714,85.04436543383912,99.65371454162782,100.6219500202685,83.26441701257795,6965.0,7095.0,6492.0,4853.0,2825.0,99.29453448231735,84.79276078742399,99.78170239486147,100.55964352446962,83.0979665585538,0.008660824601601436,0.00917341617315296,0.008636151496988332,0.011318958475280883,0.008542130722040768,0.013373981074427332,0.004711362933999208,-0.005577713459894107,-0.001142098917778167,-0.005618065435255892
2020-03-31,99.6745251474804,86.2032162199908,98.70222902971746,102.4183722026079,82.37808998625822,8567.0,5717.0,4984.0,9369.0,9288.0,99.24816682403097,85.14572515646987,99.37115130013964,100.90748591207374,83.09559510019221,0.0086235452441702,0.009900917256833765,0.008971260254787103,0.011870441558694864,0.008817984735126188,-0.002238588168804956,0.013626426398033464,-0.009547918171308178,0.017853183942246664,-0.01064472746126166
2020-04-01,99.76472040762496,88.40081890713327,97.94979878422775,101.5439659043043,83.55224874591038,1953.0,4132.0,6689.0,9645.0,5295.0,99.39530423682378,85.86283661191938,99.24944821884313,101.10944820775549,83.22002271877211,0.00861803981571554,0.011681507721865415,0.008819633802577196,0.012000666748131824,0.009471589293121927,0.0009048978162786714,0.025493279526070056,-0.007623234580276472,-0.00853759222587347,0.014253289434703165
2020-04-02,101.6371491865557,88.12634852960063,98.4812689692366,101.5848439529699,84.74045058082989,4888.0,8797.0,1197.69,5791.0,3928.0,99.91086059119974,86.48406370520749,98.99993668730538,101.38122674419466,83.53401023514672,0.009313055662419235,0.011688622363519143,0.008849264208203277,0.011382362312338211,0.008870692520932878,0.018768446112816806,-0.0031048397619594104,0.005425944632919677,0.00040256502000457495,0.014221063499235465
2020-04-03,101.0367714175182,88.63709460196159,98.28029963771367,99.78920778786221,84.96648401143533,5206.0,2688.0,7704.0,2939.0,4952.0,100.40226442734328,87.28236873850508,98.61346219250466,101.19166797360256,83.78033806740237,0.009215074828680935,0.011363763574000502,0.008681655761415255,0.011665347908073224,0.008769229462082759,-0.0059070701396347625,0.005795611424764813,-0.0020406858443884346,-0.017676221129394154,0.0026673616797663335
2020-04-06,100.3001286469351,89.25684227048782,96.92666968451111,99.77582028037143,83.63998478016765,4008.0,7977.0,6704.0,7591.0,8782.0,100.48265896122288,88.12486410583483,98.06805322108131,101.02244202562315,83.8554516209203,0.009124131424814844,0.011283883382173008,0.008659786838146728,0.011644035224971691,0.009523929438167688,-0.007290838377436271,0.006991967316948955,-0.013773156555203614,-0.00013415786924808604,-0.015612029221888757
2020-04-07,99.23452562507639,89.13009468538507,97.0413803755994,101.8671202264752,82.68906290611368,5776.0,4671.0,3603.0,3453.0,5275.0,100.39465905674207,88.71023979891368,97.7358834902577,100.91219163039662,83.91764620489138,0.009313271959853799,0.010927844545579046,0.008647188563631097,0.012437413133136682,0.009458768774408608,-0.010624144118595469,-0.0014200321440752672,0.0011834791338820594,0.020959987502254362,-0.011369225814104378
2020-04-08,98.70913892085754,87.99744540727103,98.45241074303962,103.6048232274521,82.20814833193741,2023.0,5462.0,6138.0,2701.0,1748.0,100.18354275938859,88.62956509894124,97.83640588202007,101.32436309502617,83.64882612209678,0.008977181561724336,0.009862857352966999,0.008624133049049874,0.012856391006400441,0.00935773182580438,-0.005294394273660741,-0.012707820878145704,0.014540501814574558,0.01705852680544595,-0.005815939342816212
2020-04-09,96.97410036118197,89.62348421426891,98.39309134774037,103.9466606474284,81.32380571939434,6867.0,9237.0,2509.0,8945.0,2590.0,99.25093299431384,88.92899223587489,97.81877035772084,101.79672643391787,82.96549714980968,0.009763160115609302,0.010573974085145517,0.00857605629490753,0.012655291129343077,0.009593925149418266,-0.017577283913566277,0.018478250129560392,-0.0006025184640128245,0.0032994353865729575,-0.010757359586452409
2020-04-10,95.72563389514477,88.63427334422579,99.814995450629,104.16250256391452,81.81413698814428,9632.0,3716.0,6444.0,4501.0,5665.0,98.18870548983915,88.92842798432773,98.1257095203039,102.67138538912832,82.33502774515146,0.009491990075619815,0.010712927560945395,0.009205821138535825,0.011766184068173879,0.009471798753866941,-0.012874225812740336,-0.011037406977820075,0.014451259569265407,0.002076468018710198,0.006029369437552168
2020-04-13,94.60414431319774,88.79150710137513,99.58612699891714,104.16250256391452,81.8406203066963,1947.0,5079.0,2041.0,3460.0,9567.0,97.04950862309167,88.83536095050519,98.6576009831851,103.54872184583694,81.9751548504572,0.009566752120598902,0.010708105417373725,0.009169975938002775,0.011740735996126994,0.00944927453464888,-0.011715666288253379,0.0017739611463694072,-0.0022929265355230433,0.0,0.00032370100727030504
2020-04-14,96.23956392745005,87.28918796558494,99.81197443881119,103.0962786292552,82.19700211002106,9237.0,9824.0,8899.0,3162.0,8104.0,96.45051628356642,88.46717960654516,99.21171979582746,103.79455352639293,81.87674269123868,0.010354935683237443,0.011373448639713199,0.009152664189600505,0.011641428854914046,0.009321100991931628,0.017286976444055968,-0.016919626491697648,0.0022678604610912867,-0.010236158967139697,0.004354583359574171
2020-04-15,96.65798090162122,87.21797066394757,101.2445758642824,101.9105832837293,79.7991841413318,9288.0,3560.0,9396.0,8039.0,1703.0,96.04028467971915,88.31128465788046,99.77015282007602,103.45570553764837,81.39494985311755,0.010445533422832507,0.011307618244808026,0.009664266434322805,0.011734584262474597,0.010905022558048129,0.004347660744666193,-0.0008158776968512083,0.014353001566454804,-0.011500854941522975,-0.029171598806970622
2020-04-16,95.32903437374976,87.63841957513684,101.6825542821449,101.3334688321546,79.3075820450274,2753.0,2940.0,3012.0,2635.0,6964.0,95.7112714822327,87.91427173005405,100.42804540695693,102.93306717459362,80.99170511824417,0.010591062585786301,0.010506156001748564,0.009600406254713192,0.011780181370707927,0.010960088215440682,-0.013748958083699914,0.0048206683552551866,0.004325944517260982,-0.005662949155810004,-0.006160490255561202
2020-04-17,94.799646298435,87.87712012405986,100.260920668396,101.1189116253461,78.44016562744959,2571.0,6316.0,6971.0,2587.0,7657.0,95.52607396289075,87.76284108602087,100.51723045051033,102.32434898687994,80.31691084610523,0.010619629608129202,0.010349009803659224,0.010180155709872503,0.011759121489725976,0.01111635323192412,-0.005553272188190128,0.002723697552742488,-0.013981096597988851,-0.0021173380254442264,-0.010937370617166597
2020-04-20,94.94699275130874,88.6116040331104,99.98349861058581,101.0752954089563,79.32574811696335,7624.0,1106.07,3655.0,4289.0,9350.0,95.59464365051295,87.72686047236792,100.59670477284405,101.70690755588831,79.81393640815864,0.009978434220911742,0.010371472796095106,0.010109492313817256,0.009656732646874494,0.01133979242320477,0.0015542932766847706,0.008358078963143445,-0.0027670009008567975,-0.0004313358964088687,0.011289911009620068
2020-04-21,94.26189509750434,88.98393989040483,100.1638327910556,101.6293177878999,78.51882729835663,8875.0,3549.0,7175.0,2178.0,9725.0,95.1991098845238,88.0658108573319,100.66707644329294,101.41351538761724,79.07830144582576,0.010019642833174676,0.00996653235321061,0.01001558641417917,0.009698306812293339,0.011150601286092684,-0.007215580335428351,0.004201885987249465,0.001803639430263848,0.005481283796421321,-0.010172243411016413
2020-04-22,96.91450387665078,89.71073923711411,100.096644465041,99.91958086149053,77.16896213666803,9539.0,6301.0,2064.0,4284.0,5689.0,95.25041447952972,88.5643645719652,100.43749016344466,101.01531490316948,78.55225704489301,0.012063435862558303,0.010035755221168619,0.0086424116887098,0.01044288877879521,0.011414266087365288,0.028140838632647824,0.008167758672007919,-0.0006707842955127052,-0.016823264817909966,-0.01719161133876046
2020-04-23,96.17499076758008,89.32013197444245,101.3398047474497,99.60465993213445,76.12710465939355,4746.0,7071.0,9789.0,5481.0,7607.0,95.41960575829577,88.90070705182633,100.36894025650562,100.66955312316546,77.91616156776624,0.012148108226619096,0.010164773295000658,0.008679795852322971,0.010444125987819302,0.011516628547683918,-0.00763057209694773,-0.004354074729439605,0.012419599968137573,-0.0031517438988521995,-0.013500991181264355
2020-04-24,95.10512913710252,90.6584820019868,101.9461684766676,96.86585448354597,75.24255763777508,4636.0,8015.0,3913.0,5538.0,5297.0,95.4807023260293,89.45697942741171,100.70598981815994,99.81894169480543,77.27663996983132,0.012321587621047549,0.01039165621441434,0.008710980995004086,0.011992472127123616,0.011313441842427639,-0.01112411471983421,0.014983744402967236,0.005983470470749541,-0.027496760196305647,-0.01161934406380094
2020-04-27,93.44593838128293,90.4356783567298,100.5639680814327,97.910919883546,75.31390779236379,9323.0,5614.0,8087.0,8123.0,9340.0,95.18049145202414,89.82179429213559,100.82208371232932,99.18606658972337,76.47427190491142,0.012261484188064073,0.010470592643301206,0.009192495945567787,0.012323743463363094,0.011397820808106612,-0.017445859869741898,-0.0024576150001289765,-0.013558139711265738,0.010788790390297454,0.0009482685973036808
2020-04-28,92.40828600815811,89.68804203954117,101.4089268176583,95.8208216770236,75.0279586051999,6650.0,6149.0,2506.0,5062.0,8718.0,94.80976963415489,89.96261472196286,101.07110251764986,98.02436736754811,75.77609816628006,0.01238220817794102,0.010459898792118508,0.009035298902838352,0.012235445609176032,0.011320124558127065,-0.011104306844144762,-0.00826705046916898,0.008402201626942274,-0.021346936674768613,-0.0037967647084817813
2020-04-29,92.13829562314733,88.86725643763384,101.1651020364388,96.76128363740423,74.37430297131853,6782.0,1589.0,5421.0,6113.0,4057.0,93.8545279834542,89.79391816206682,101.28479403192942,97.39270792273085,75.21716633321017,0.012336705029372511,0.009158346755915795,0.008834347494252619,0.012503462279073844,0.010437311415004072,-0.0029217118580356916,-0.009151561158459276,-0.002404371970703534,0.009814797493081118,-0.008712160720258044
2020-04-30,92.2788641215584,88.64947776031246,102.3119910495402,95.83292902789066,74.5567959489525,8057.0,7997.0,3525.0,7934.0,7581.0,93.07530265424987,89.6597873192408,101.47923129234752,96.6383617418821,74.90310459112196,0.011221515556576305,0.009146695074867546,0.00906310795415057,0.01258780727288116,0.009545916819170502,0.0015256251210247207,-0.002450606511906983,0.011336804787567045,-0.009594277531418616,0.0024537100899533204
2020-05-01,92.44174777903434,87.78429536667088,102.7727196227469,97.28610951690813,73.79294001791393,4465.0,1544.0,1607.0,9839.54,5680.0,92.54262638263621,89.08494999217763,101.64454152156338,96.72241274855453,74.61318106714972,0.011310970794407252,0.009317737778336907,0.009029558479453078,0.0126913748145648,0.009339255565436532,0.0017651242137244338,-0.00975958816114908,0.004503172780438103,0.015163686467253301,-0.01024528912912992
2020-05-04,90.81780345969614,87.5898214484939,102.5303513735708,97.51663419588374,73.58162202704332,4044.0,3609.0,7720.0,6660.0,7205.0,92.01699939831886,88.51577861053045,102.03781817999099,96.64355561102207,74.26672391408565,0.011677858093088824,0.009157181693715566,0.008292389734110945,0.01271469169227384,0.009152505040910641,-0.017567217824785875,-0.0022153611573080267,-0.002358293621748886,0.0023695538871923993,-0.0028636613586517923
2020-05-05,91.60231308740636,86.68319837655325,102.4294143414913,95.78011832954436,73.38229410227665,4307.0,2008.0,8408.0,9449.0,5403.0,91.85580481416852,87.91480987793287,102.24191568475759,96.63541494152624,73.93759101350099,0.011970604830174855,0.009398323169471161,0.008329363718390086,0.01212104695765745,0.009107080151858517,0.00863828013698198,-0.01035078114040655,-0.000984460023078726,-0.01780738107563473,-0.002708936270709228
2020-05-06,90.63783369713869,85.62922523476955,101.5134829878602,96.15893741962249,73.73826711152931,7037.0,5960.0,1391.0,6664.0,2889.0,91.55571242896679,87.26720363736001,102.31159187504188,96.51494569796988,73.81038384154314,0.01205900413054499,0.0093641458243509,0.008232668138786862,0.011306186008489622,0.00942001492206975,-0.010528985107039479,-0.01215890924104146,-0.008942073519794369,0.003955091063625016,0.004850938684971107
2020-05-07,92.20796340916638,84.75385454986713,101.3460489072928,95.80750574133044,74.32562487641509,9247.0,8025.0,1834.0,9543.0,4969.0,91.54153228648838,86.48807899527094,102.1184034465924,96.50986104065784,73.76414962703566,0.012535185811752284,0.008310018339133725,0.00825047820413364,0.011187167117539464,0.009780837484566112,0.01732311605409942,-0.010222802816473253,-0.0016493777539622334,-0.0036546959411422053,0.007965440305200078
2020-05-08,93.816009918935,82.82084131373684,101.3837778485997,95.10944220883349,74.40343639531275,5977.0,4000.0,7429.0,9812.0,3958.0,91.81638471446851,85.49538818468413,101.84061509176296,96.07452757904291,73.88624890251542,0.01303033635573619,0.009286684468884756,0.007668455045482656,0.011114785444491748,0.009561038888944606,0.017439345261677897,-0.022807378453719274,0.00037227836421549476,-0.007286104852595288,0.0010469002988813259
2020-05-11,93.87844054814211,83.0548822304337,99.03206886243797,94.73657534574419,72.99485199450656,5794.0,3054.0,5182.0,3382.0,6862.0,92.42851213215769,84.58840034107209,101.1409585895364,95.51851580901499,73.76889489600806,0.012782540368518459,0.009320120727035551,0.009352826685938757,0.011066140363299783,0.00998924663236171,0.0006654581585920916,0.002825869829192973,-0.02319610726751209,-0.003920397958707245,-0.01893171161238094
2020-05-12,92.77226748183962,82.12505302770032,99.04645612448263,93.65010590613247,73.35155486068521,9270.0,6432.0,4035.0,4079.0,1066.25,92.66250301104436,83.6767712713015,100.46436694613467,95.09251332433261,73.76274704768979,0.012320994603125328,0.008960575420578765,0.009334930791529741,0.011102114294932778,0.010017976627133968,-0.011783036231148625,-0.011195358752705165,0.00014527881937564935,-0.011468320821674372,0.004886685244673172
2020-05-13,93.8588599682644,82.00021185803806,100.0557827889987,93.80187485482587,73.16666286636124,2188.0,1426.0,2586.0,9680.0,4400.0,93.3067082652695,82.9509685959552,100.17282690636236,94.62110081137328,73.64842619865617,0.012619618741581332,0.008952895194881846,0.00903149338107862,0.011068865410845691,0.00835623235198948,0.011712470934673203,-0.001520135026520486,0.010190436932418168,0.0016205955906287706,-0.002520628154033533
2020-05-14,94.54475676230373,82.60847127438385,101.0189773587279,93.82544605707335,73.31181174134717,9639.0,7356.0,2616.0,6209.0,7642.0,93.77406693589697,82.52189194085857,100.10741259664938,94.22468887452187,73.44566357164258,0.01241116401009781,0.009090705949349978,0.00925711081530458,0.011103252630395044,0.008458407402719042,0.00730774691138647,0.007417778595484981,0.00962657572486747,0.00025128711216027,0.001983811606264485
2020-05-15,94.05475034599048,83.43599783344524,101.1307176039815,92.46160004879509,73.5982593368998,9629.0,6581.0,5038.0,4404.0,1902.0,93.82181502130807,82.64492324480022,100.05680054772574,93.6951204425142,73.28462815996001,0.012403247800731196,0.009467178678852075,0.008679077960704775,0.01134973114116143,0.00845864540105989,-0.00518279842366276,0.01001745397651499,0.001106131225787399,-0.014535992799316277,0.003907250260889006
2020-05-18,93.39737307629858,82.00021185803806,98.65213303283291,93.41282734818851,74.30860801918148,7496.0,5799.0,5258.0,2879.0,7927.0,93.72560152693936,82.4339891703211,99.98081338180472,93.43037084300306,73.54737936489498,0.012482114182000442,0.009641670989145187,0.010313342228320739,0.011791668104061816,0.00831825762751706,-0.006989304285787479,-0.017208231610932434,-0.024508721285401047,0.0102878091974552,0.00965170492728662
2020-05-19,92.7705456875532,82.30699187266137,98.40095664248285,93.26988155064996,74.24058590497131,6310.0,6572.0,6904.0,2871.0,8088.0,93.72525716808208,82.47037693931331,99.85171348540476,93.35432597190656,73.7251855737522,0.012468868523082521,0.009622015232459348,0.010305422173455026,0.011601787652611764,0.008167728292157348,-0.006711402773965758,0.0037412100246085878,-0.0025460816976603518,-0.0015302587620621422,-0.0009154001941821255
2020-05-20,93.84233496784337,82.31641708636606,97.55388019563846,93.1585488379729,73.9050548495248,7113.0,9714.0,5177.0,3129.0,5825.0,93.72195216799787,82.53361798497892,99.35133296673271,93.22566076853596,73.87286397038491,0.010900957325266603,0.009254177259698744,0.010450524470905071,0.011228429200850716,0.007449694251789516,0.011553120361067037,0.00011451291670661057,-0.008608416785235717,-0.001193661992768713,-0.004519509798535215
2020-05-21,93.9099329549256,83.78590375390976,97.1991905882012,92.24094185717718,72.89116461640718,5703.0,6430.0,1239.0,2699.0,2320.0,93.59498740652225,82.76910448088411,98.58737561262737,92.90875992855673,73.78873454539692,0.010815510342086115,0.010490639666596238,0.009951278261751342,0.011319009338025173,0.00746732899394936,0.000720335732325772,0.017851684020721237,-0.0036358329030679037,-0.009849949277244363,-0.013718821198116515
2020-05-22,91.97234727247789,84.50228942204281,97.08558399305414,91.52082819708124,72.89116461640718,8073.0,3667.0,1934.0,2208.0,1066.25,93.17850679181973,82.9823627986036,97.77834889044192,92.72060555821396,73.64731560129839,0.011467040785339258,0.009992442999883491,0.009774858366462715,0.009916221028011093,0.00713588799945824,-0.020632382768047464,0.008550193242972792,-0.0011688018640851894,-0.0078068767035243125,0.0
2020-05-25,93.3298122565185,85.03919258408759,96.34581664032572,91.52082819708124,73.33793319554519,2053.0,2947.0,8439.0,9839.54,5318.0,93.1649946278637,83.59015894381352,97.31708561194048,92.3422057279925,73.45318063657113,0.011387312322444885,0.010230482666474425,0.009504334529636668,0.009419853712733349,0.007323386978064227,0.014759490480535042,0.0063537114286127405,-0.00761974458310255,0.0,0.006129255603050776
2020-05-26,92.7969516091297,85.32899884584853,96.74803340822008,92.79323407952658,73.45475889783215,7644.0,7318.0,6754.0,9725.0,5930.0,93.17027581217901,84.19456033845094,96.98650096508791,92.24687623376784,73.2960152351433,0.011172309551108133,0.010248505176409782,0.009303431811939702,0.009164965516335817,0.007325951643426509,-0.005709436615217944,0.0034079140800211682,0.004174719587420217,0.013902910490553477,0.0015929778382963722
2020-05-27,93.01446849209869,84.23692336987519,97.36031099487091,93.96664146483442,73.80484645837988,9085.0,2489.0,7089.0,1880.0,4812.0,93.00470251703007,84.57866159515278,96.94778712493442,92.40849475914013,73.27597355691431,0.011155187893431983,0.010405480276537088,0.009501515194462476,0.009369506056415913,0.007201271706837286,0.002344008926987051,-0.012798409576400105,0.006328579146072988,0.012645398093380278,0.004766029673239691
2020-05-28,92.87724547429971,85.38188898537375,97.05245992633202,95.2428222456463,73.90074098775075,1776.0,3126.0,8558.0,2905.0,2469.0,92.79816502090489,84.89785864144557,96.91844099256058,93.00887083683395,73.47788883118304,0.011161306813639435,0.011019495450021231,0.008979469586388494,0.00973179038392052,0.007182137507008843,-0.001475286802403497,0.013592206002956075,-0.0031619770458120033,0.013581210958672596,0.001299298541660665
2020-05-29,91.89410631900658,85.55504113119997,98.53908902029262,94.87727941219732,74.31839352240848,9425.0,2134.0,9012.0,9168.0,5034.0,92.78251683021064,85.108408983277,97.20914199800828,93.68016107985717,73.7633346123833,0.011419453741561406,0.01088682662699332,0.009724245719164372,0.009050040312847861,0.006911779023670578,-0.010585360819784229,0.002027972768977815,0.015317788906010543,-0.003838009257077446,0.005651533788097796
2020-06-01,91.21079256144594,85.60670433710094,99.27825222051487,94.83688197493913,73.96308987418304,6514.0,9317.0,5175.0,5620.0,7360.0,92.35871289119612,85.22191133387967,97.7956291140461,94.34337183542875,73.88836594811087,0.01081906491536182,0.010891631422339164,0.009955281078968647,0.009013296338246587,0.0069721293740085165,-0.007435882288125639,0.0006038592842441126,0.007501218121369391,-0.0004257862104444232,-0.004780830577538198
2020-06-02,91.22121435728133,87.14553721030896,98.3584063415137,97.60066073261784,73.66952013306526,5314.0,1149.0,2759.0,4618.0,3712.0,92.04356544082644,85.58521900677177,98.11770370070482,95.30485716604701,73.93131819515749,0.010638508718238394,0.011451088964169664,0.010101090430853074,0.010494669451236486,0.007006191769964911,0.00011426055560659343,0.017975611666446456,-0.009265331111571462,0.029142446484154094,-0.003969138412377893
2020-06-03,91.98913284500172,87.3623442479462,97.05757595959702,96.85871018330191,73.32875755650089,8901.0,2488.0,1700.0,4901.0,4354.0,91.83849831140705,86.21030318238596,98.05715669365004,95.8832709097405,73.83610041478168,0.010508892273763577,0.01107254606106012,0.010299989578235516,0.010640199541244065,0.0069968730838113275,0.008418200668900644,0.0024878730980109065,-0.01322541133291677,-0.007601900886189061,-0.004625557163245642
2020-06-04,90.14611006217343,87.23038178663825,96.42615467955635,97.9972906914282,74.00531780194397,6733.0,6596.0,2212.0,8046.0,3371.0,91.2922712289818,86.58000174263887,97.93189564429491,96.43416459889688,73.85701577762033,0.010733763671754862,0.010772580807097741,0.010343694065094031,0.010885031602969908,0.007080032223523375,-0.020035222920665063,-0.0015105187760692251,-0.006505636204055976,0.01175506576508778,0.009226397227878547
2020-06-05,90.24336008626646,87.67632252724464,95.57807736460408,95.69994226977909,73.44033210894322,4881.0,2707.0,9364.0,8724.0,1501.0,90.96212198243379,87.00425802184779,97.3396933131572,96.59869717041325,73.68140349492727,0.009834218484560247,0.009143151747726718,0.010415664587605365,0.012080796967383295,0.007263812917907196,0.0010788044434302257,0.005112218145475245,-0.008795096286589477,-0.023442978937886716,-0.007634393173106657
2020-06-08,89.27300146587531,88.54931688575451,95.11062652375253,94.53252188620272,73.80600836551726,3658.0,1163.0,6494.0,8806.0,6147.0,90.57456376331966,87.59278053157851,96.50616817380474,96.53782515266595,73.64998719319412,0.010007754254000264,0.009278467865361332,0.009279947667790611,0.012374102658829008,0.005939306833394396,-0.01075268717236988,0.009957013858999275,-0.004890774681189258,-0.012198757448415143,0.004979229342693792
2020-06-09,89.27300146587531,88.58377426464409,92.58857011282831,94.51641553973583,74.37200250418412,4518.0,5727.0,5138.0,1953.0,9572.0,90.18492118503846,87.88042794244554,95.35220092806766,95.92097611408954,73.79048366741789,0.009774396633428826,0.008671005359566202,0.010756627737774511,0.012079063578413885,0.006076725103957219,0.0,0.0003891320690145861,-0.026517083349192005,-0.0001703788933746786,0.0076686729332906545
2020-06-10,89.31230109976758,88.91975483411699,92.56541095011409,95.43683442016537,74.64453956008893,9741.63,4565.0,6576.0,7555.0,3146.0,89.64955483599162,88.1919100596797,94.45376792617107,95.63660096146224,74.05364006813551,0.009261192244150212,0.008579430882432426,0.010311064292438703,0.0122527864193669,0.006061100927574616,0.0004402185794916136,0.0037928003436515922,-0.0002501298236489147,0.00973819071717319,0.0036645114657154476
2020-06-11,89.93923203599907,88.80217743690902,92.66243534662132,94.03284860979564,73.29331416150828,2228.0,9318.0,4983.0,6588.0,7166.0,89.60817923075675,88.50626918973384,93.70102405958407,94.84371254513573,73.91123934004835,0.009245439326790512,0.008623687578166344,0.009891630686630024,0.012743708934322074,0.007407216990730173,0.007019536262212744,-0.0013222865653117477,0.001048171185233926,-0.014711152343848899,-0.018102133210868177
2020-06-12,90.62288989543767,88.62272311476805,93.1479410607981,94.6425519687787,74.55568884478713,6851.0,5631.0,1397.0,3590.0,9935.0,89.68408519259098,88.69554930723854,93.21499679882287,94.63223448493565,74.13431068721715,0.009485593444456823,0.008576354396363416,0.010051559562295595,0.012325450532314326,0.008318112593601969,0.007601330853758581,-0.0020208324538941724,0.005239509541926646,0.0064839401123870655,0.017223599419956548
2020-06-15,89.98429462030451,88.17610204098229,93.66914139543101,94.52976753998004,74.32529509173061,8275.0,6916.0,8212.0,8489.0,4129.0,89.82634382347683,88.62090633828409,92.92669977315856,94.63168361569112,74.23816803245981,0.00948725111796098,0.0074163614997216675,0.009029404732533546,0.01214786447966105,0.008079272325167183,-0.007046732628698815,-0.0050395774141061,0.005595403706161628,-0.0011916883732792094,-0.0030902236519625426
2020-06-16,89.62998940384851,88.39134377609436,92.56541095011409,94.05087718912719,74.71973492720143,2783.0,4555.0,9807.0,8082.0,1127.0,89.89774141107148,88.58242024057414,92.92206794061572,94.53857594556939,74.30771451706327,0.00943204391301786,0.007421339416244436,0.009262471131571089,0.01220706809171785,0.00815985635681155,-0.0039374117222457095,0.0024410438897835007,-0.011783287738887815,-0.005066026959712033,0.0053069393802474
